query_id,text
320941,how much is a home appraisal cost
1150268,what is the meaning of urls type
414966,is japanese holly fern evergreen
747212,what is figgy pudding
578976,what biowarfare agent is produced in south africa?
178800,effects of marijuana on unborn child
816004,what is the dew point
568001,what are the cells that form nervous tissue called
30388,average adult dose adderall
1007046,which class of immunoglobulin provides passive immunity to the newborn?
674071,what is a bagle hound
709895,what is altitude sickness symptoms
322476,how much is larry bird worth
813093,what is the costal arch
668986,what herbal medicine for diabetes
500557,sony laptop model number
325419,how much money to renovate a bathroom
987161,where is mala mala
882047,what not to eat when tongue pierced
305463,how much do dunkin donuts employees make
614880,"what county is wylie, tx in"
1051059,who sings goodbye horses?
503402,statute of limitations pennsylvania
801835,what is systemic disease
1008726,which doctrine of power means one branch of the government using its powers check the power of another branch of government
98744,convert ml to mg
1012962,which length is the shortest
556024,what are candida hand symptoms
86929,causes of hypovolemic hyponatremia
935917,when are the next perseid showers
1180546,australian labradoodle cost
349624,how to check monitor hertz
749818,what is gallipoli
1079099,word meaning predation
581602,what can change the color of slime
1063710,why did the united states entered ww1 in 1917
821743,what is the fn key on a keyboard
289071,how many miles of coast is in mexico
998204,where is the us marine base in japan
887559,what point of view is a research paper?
675655,what is a brownfield
864971,what is zoho
1033082,who is generally credited with discovering that the dna molecule is constructed as a double helix?
1010516,which hemidiaphragm is usually located more superior?
540852,was the cotton gin steam powered
588758,what causes hot spots and how to prevent them
188761,foods for a healthy liver function
224310,how do you tell if you are infectious from the flu
158917,do sharks swim in freshwater
727327,what is canada's average climate
929446,what zoo killed harambee
121078,define equal variances assumed
73040,can rheumatiod arthritis from lyme disease be cured
864995,what is zomato
1157952,what is a non epileptic seizure
724060,what is bio-d-mulsion forte used for
175152,doses of amoxicillin for cats
34696,average cost of wedding in the u.s.
1042927,who is wwe women's champion alexa bliss
683499,what is a flexi curve
1166730,what are filly
989463,where is nottingham forest
765740,what is lifi
959009,when was my immortal released?
776916,what is nitrofurantoin 100mg
285728,how many hours are in an average work month
555480,what are bees predators
299872,how many weeks is a semester of university
662069,what foods will bring iron levels up?
224516,how do you water bath canning
1156968,what is an anomaly definition
1153420,cost of doxycycline antibiotic
513229,teofilo meaning
781225,what is pangasius
993466,where is stagecoach texas
1165032,what can i do to reduce my blood pressure
330628,how much will i be taxed on my 401k
910265,what type of animal is baloo
742580,what is economy shipping
450912,median home price san antonio
78535,can you lose water weight overnight
647062,what does rhababarum mean
581814,what can help prevent bullying
95763,common side effects of protonix
572300,what are the parts of a wheel?
729366,what is cetirizine used for
106970,cost of septic system replacement
250520,how long does alcohol stay in system
386484,how to workout triceps at home
591969,what causes spleen to hurt
959552,when was ralph tresvant die
485680,rear shock replacement cost auckland
333942,how old do young chickens before they start laying eggs
296499,how many square units are in an office
528514,types of liriope
929494,what's a brain stroke?
859486,what is urea cycle
943242,when did wv become a state
14232,age that girls start period
423125,is sarcasm a thing in german
1167201,what adds methyl group to dna
40713,average price of a movie ticket
832244,what is the medical meaning for cpi
305653,how much do fitness trainers cost
177890,economy shipping usps how long
29375,atrazine environmental effects
564749,what are shell casings made out of
779409,what is one meter in feet?
523828,transient hyperglycemia definition
793868,what is sausage party movie
158429,do plants use carbon dioxide
460594,muscle spasoms in your lungs
862994,what is wind formation
408999,is earned income credit for people with children?
1020862,which technique is being used when paint is applied to a dry plaster wall?
508653,symptoms of secondary hyperparathyroidism
972236,where do you put registry information on a wedding invitation
1000093,where is whitelaw wi
527409,types of drugs that are considered stimulants
612873,what county is soper ok in
957344,when was death penalty introduced
48850,baroque dynamics consisted mainly of sudden alterations between loud and soft called
987579,"where is mckeesport, pennsylvania"
389414,humane society of wilkes county
1148270,what is unique about chippendale style furniture?
446647,mbe definition
170319,does plasma arc welding use a wire feeder
414671,is it safe to travel to orlando if pregnant
785475,what is porencephaly
304862,how much do beginning soccer players earn
1177823,how much berberine for diabetes
693538,what is a pall
775142,what is name of airport in st cloud minnesota
99512,copd symptoms
888547,what problems does mrsa causes
944873,when do they announce release date of iphone
1072766,why is the water clear in the bahamas
744398,what is epiglottis
848235,what is the star rating
47516,"average winter temperature in whitefish, montana"
527882,types of gas fire pits
22290,are employers required to give paid time off
1005983,which best describes what generally occurs in financial markets?
79758,can you splitter off sky cable
330063,how much water covers the earth
318500,how much does the average mechanic make/hr
7429,what is the average salary for a surgeon
219168,how do i schedule a lift service ride
1067567,why does my receptacle spark
268283,how long to bake slamon fillets
401607,is adriana a pretty name
278339,how many carbs and calories in spaghetti squash
495923,short and long term effects of lsd
136993,definition of pendente lite
743630,what is emphysema and how do you get it
239686,how long are cartilage piercings sore
688298,what is a krw
743300,what is eleuphrat ointment used for
329378,how much to redo rag top
593167,what causes underarm pain
723842,what is big box singapore
658823,what fabric are swimsuits made of
76509,can you compare two excel documents
230232,how far from fuengirola to marbella
929499,what's a bugaboo
169986,does pacific view cemetery in corona del mar come to pick up a body
550766,what age do i stop giving my calf milk replacer
875251,what makes an author unreliable
330491,how much weight is possible to lose in 2 months
1038427,who is signed to maybach music
964964,where are ashley mattresses made
683261,what is a fips #
1062117,why did ancient rome build aqueducts
1141122,"where is good hope, ga"
130326,definition centric
916436,what valve separates the stomach and the duodenum
1161087,what does nature refer to in the nature vs. nurture debate quizlet
836774,what is the normal range for ast sgot
262571,how long is a menstrual period
162396,does a short torso mean a wider waist
389601,husky voice meaning
789400,what is raid battles
127219,define social change elementary
1059024,who wrote the movie unforgiven
968390,where did bonnie and clyde live
237975,how is whooping cough transmitted
1152227,what is the approximate cost of progressive contact lenses
622034,what do assistive technology specialists do
112663,cremation king of prussia
505994,swoggle wrestler
764503,what is laser vision correction surgery
453197,mexican flag meaning .gov
295830,how many sides does the pentagon have as
643160,what does medicaid qmb stand for
658527,what exactly is a proxy server
496850,should the teenage driving age be raised
743346,what is eliquis used for?
190761,ford pass cost
647553,what does sciatic nerve do
30685,average age that a person will get their first cell phone
164778,does cocoa contain caffeiene
50026,benefit of eating oranges
802521,what is taxa
145475,did the roswell crash really happen
817304,"what is the difference between degrees, radians and grads"
810400,what is the cause of typhoid fever
820201,what is the emission of light
609346,"what county is menoken, nd in"
405079,is buttermilk pasteurized
1183697,ernest symptoms
495411,shaking symptoms mean
77785,can you get herpes in your eye
836553,what is the normal car.voltage
882950,what omega nutrients in salmon
957804,when was genetic testing first founded
881954,what night does the fosters come on abc
456036,moped learner insurance average
856175,what is tipper gore real name
413260,is iron a mineral in food
21368,are burial vaults waterproof
1011371,which is an example of naturalistic observation
270064,how long to cook red skin potatoes in microwave
1154152,what is logan movie
817400,what is the difference between echo reading and choral reading
1173530,meaning of sifting
745625,what is exclusive distribution
484799,r22 cost
707574,what is acoa
602322,"what county is alpena, ar in"
76787,can you determine babys due date by the fetus's weight
1177041,how much is john force net worth
561842,what are mimic electronics wiki
739110,what is dhl abbreviation
477989,population of mountain gorillas
988783,where is my restart button
888171,what president has invaded the most countries
494720,sembach germany army base
569322,what are the duties of a child care provider
123222,define lathe
686863,what is a hip flexor injury
412590,is hummus a protein or starch
97917,contraction of the internal intercostal muscles inspiration
740557,what is dna purification
105931,cost of operating a propane pool heater
799764,what is steak tartare
108039,cost of work permit in cambodia
902063,what temperature should computer main hub room be maintained
1161711,what does final mean
629106,what does a groom pay for
642326,what does level attained mean
927308,what year did women get the right to work?
14553,aggregate cost definition
694987,what is a place of assignation
900333,what taj mahal is used for
319292,how much electricity does a windmill produce
649316,what does the aca mostly likely to accomplish
550196,what age can babies eat graduate snacks?
268672,how long to boil liver
448495,meaning of name guntur
531658,umb routing numbers
670914,what influenced john steinbeck to write his genre
864278,what is yodeling
817843,what is the difference between limited and general jurisdiction
946853,when does lent start
855025,what is the zip code for hamilton nj
575376,what are the types of tissues in the liver
204859,homeric poetry definition
330724,how much will moving house cost me
222463,how do you get rid of ulcer on your tongue
593484,what causes water to collect in bottom of refrigerator
513481,test for hypopituitarism
130531,definition diagnose
735243,what is cost to build a house
628758,what does a desirable cholesterol level mean
407299,is cottage cheese a dairy or protein
442639,longest river in mi
330226,how much water should an athlete drink a day
866400,what kind of band is set it off?
924324,what were the problems for the republic of texas
876199,what man made objects are in space?
97020,congressional caucus on diabetes
833072,what is the mix for killing gnats with hydrogen peroxide and water
526325,types of ankle sprains
879956,what muscles do push ups help
903480,what the highest income for earned income
803797,what is the abbreviation for sodium
702342,what is a surname example
860069,what is v9
948135,when does the movie the justice league come out?
516396,the history of marijuana
353199,how to create a apple account
79242,can you reference yourself in apa
187900,flier definition flyer
176324,dt withdrawal symptoms
284312,how many gb equal tb
617687,what degree is best for cybersecurity
130536,definition dichotomy
283988,how many gallon per cubic foot
857226,what is transistor
449699,meaning of the name damien
754672,what is heptane
754928,what is hibiscus used for
826258,what is the international code for russia
953526,when is the time to spread cow manure for a spring garden
798407,what is spartina grass?
95722,common side effects of anticancer drugs
985355,where is jersey
814015,what is the customary cost for wisdom tooth extractions
1080302,would you consider a three people together as a date
1012404,which is x axis which is y
22196,are edamame legumes
447860,meaning of gender
6580,undergraduate degree definition
530906,typical guatemalan food
915016,what type of tree did the indians use for marker trees
456771,most common cosmetic surgeries
131019,definition for stoic
7898,what was the result of the attack on the lusitania?
193896,general pediatrics definition
340485,how tall does an african sumac tree grow
715485,what is an insurance lead
1137489,definition of normie
1027553,who enacted the fed president
834122,what is the mountain no one can climb
785672,what is postal code mean
52535,bfam stock price
225775,how does chlorophyll help your body
966998,where are they building the kingdom tower
774817,what is myco pneum ab
563070,what are people from cyprus called
126864,define second continental congress
534252,usa budget cleaners mlk
643914,what does mylanta treat
179775,elute meaning
300617,how many years can you go back on a tax return
153578,distance from lahore to  multan
1025530,who create computer
651950,what does the name romeo mean
985804,"where is khandwa, india"
1143480,wheatgrass capsules benefits
298383,how many times do you breath per day
520945,time for scab to fall off
759598,what is integer programming
445757,mary sue definition
827990,what is the legal drinking in kansas
32125,average cost for a house appraisal
40182,average penid
645633,what does pii stand for in finance?
283573,how many feet long is a football field?
754126,what is health advocate
501271,speed of sound in ultrasound constant speed
1146343,what services can invoke use?
369818,how to make support for peas
952448,when is the best time to take medications
399552,is a catalytic converter required
236899,how is jonathan antoine doing
589483,what causes liver failure complications
383548,how to transfer files to usb stick
402445,is an apa style outline double spaced?
30604,average age of marrying
100164,cortical blindness symptoms
1153122,what is pt i
461442,name meaning mariposa
570089,what are the four type of clouds
785241,what is polymyalgia rheumatica
921021,what was the inspiration for monsters university campus?
439804,life cycle of flu symptoms
859774,what is used instead of mulch
1793,a layer of collagen fibers that surrounds an entire muscle is called
1063151,why did slavery abolished happen in the usa
599679,what company purchased dictaphone?
458986,most powerful 4 cylinder production engine
37331,average hourly rate for street sweepers
1041413,who is the president of amazon
577252,what area code  in ca
394566,in what year was set in invisible man
821346,what is the filtration membrane of kidney
911733,what type of dog is a bully
747633,what is fixed asset capex
143243,did alex or brendan fevola win dancing with the stars australia
748910,what is fpies disease
505666,surname ford meaning
1171750,biggest jail near chicago
254067,how long does it take for lab work results
1065788,why do they induce coma
284235,how many games are in nba playoffs
1058916,who wrote the federalist essays
555164,what are assets?
179636,elevate definition
758862,what is individual or single proprietorship
473852,perry videx used equipment
912659,what type of government is in india
580159,what breed of horse is good for barrel riding
896961,what speed should photos be burned to disk at
88193,causes of scalp itching
890153,what radio station for the twins
250546,how long does alcohol take to work
532618,university of illinois npi number
251621,how long does eggplant last in fridge
984954,where is innsbruck
617310,what defines % of correlation
253109,how long does it take for a nose piercing to close
827938,what is the legal age to drive a moped
527054,types of concrete finish
253618,how long does it take for carrots to grow
703467,what is a thru axle
50456,benefits of chicken liver
135575,definition of intellectual property plc
1168589,vans shoes what are they made out of
935157,when a pres is impeached who is president
1166609,calories in sushi philadelphia roll
395983,information week cost of dowtime
341508,how tall is the spinosaurus
552589,what airport is closest to delaware
492378,salary wages difference
919250,what was shays rebellion and what is it significant
21175,are bell peppers starchy
818321,what is the difference between sarcasm and sardonic
185380,fastest internet modem router
891962,what role does the hypothalamus have in production thyroid-stimulating hormone (tsh)
894091,what should total cholesterol be
672970,what is reverberation artifact
429785,is touching your toes bad for your back
438926,legal definition of public school
598146,what color is parasol peach
921780,what was the new england colony government like
296119,how many species of polyplacophora are there
325446,how much money will people collect for disability next year
765607,what is lichen
410042,is ferric chloride a hydrate?
619081,what did harriet tubman contribute in
712551,what is an atom element compound and molecule
682897,what is a fast shutter speed used for
828906,what is the longest time a person held their breath?
252965,how long does it take for a fractured pubic bone to heal
449139,meaning of sayoko
943451,when do babies naturally wean
9905,about how long is a summer trimester
323455,how much is the wendy's taco salad
480308,price for organic eggs one dozen
574261,what are the symptoms of lou gehrig's disease
1168640,usps shipping tracking number
666701,what happens to the cell in interphase
438845,legal definition of facility
1019842,which state was obtained first alaska or hawaii
508972,symptoms of traumatic loss
98839,convert ounces to gallons
641050,what does it mean when flag flown upside down
470589,outdoor slate stair repair cost estimator
82309,capitalism  simple definition
1062230,why did carnevale start
939547,when did louisiana became a state
590907,what causes pms
164707,does cleocin have anaerobic coverage
63712,can alaska companion fare be used for first class
585595,what causes bacterial respiratory infection
465352,normal dose of famotidine
804015,what is the action of ranitidine
275445,how many blocks in a km
597316,what color are ravenpaw's eyes
1185501,why is assessed value and market value different on property taxes
153021,distance between boston and cooperstown new york
50642,benefits of drinking rose tea
45316,average temperature in niagara falls in april
607472,what county is hugo ok in
396431,instagram alec baldwin
717663,what is an xml
213300,how did eisenhower change the civil rights
966755,where are the palisades
26640,arm feels like circulation is being cut off
564164,what are reps and sets in exercise
568284,what are the cold climate animals
135556,definition of instrumentalism
718278,what is another name for nolvadex
325100,how much money does lebron james make per year
173701,does vegitable juice contain nitrates
412331,is hold mute
935078,when a foot bends upward at the ankle this movement is known as:
1179580,average cost of home in nj
1162142,cause of slow heart rate
472153,patellar subluxation symptoms
987556,where is mccamey tx
1171527,biggest tree in
690667,what is a meniscus ( science term)
848221,what is the standard window shutter size
474784,phone number for verizon wireless customer service
978173,where is bile produced and stored
533679,us deficit to gdp
887040,what place are the denver rockies in
630470,what does a surveyor helper do
205055,honda fcu routing number
104892,cost of ipn dentures
1145035,what type of injection is used in mri
726036,what is brominated vegetable oil
586118,what causes brown spots on zinnia leaves
1012859,which layer of the eye contains rods and cones?
1003352,where was selena quintanilla shot
856622,what is toontown rewritten
176464,duloxetine most common side effects
832403,what is the medication simvastatin for
